pokemon,pelicula
Pikachu,Detective Pikachu
Psyduck,Detective Pikachu
Mewtwo,Detective Pikachu
Snubbull,Detective Pikachu
Aipom,Detective Pikachu
Mr. Mime,Detective Pikachu
Ditto,Detective Pikachu
Charizard,Detective Pikachu
Cubone,Detective Pikachu
Greninja,Detective Pikachu
Torterra,Detective Pikachu
Arcanine,Detective Pikachu
Audino,Detective Pikachu
Blastoise,Detective Pikachu
Bouffalant,Detective Pikachu
Braviary,Detective Pikachu
Bulbasaur,Detective Pikachu
Charmander,Detective Pikachu
Comfey,Detective Pikachu
Dodrio,Detective Pikachu
Doduo,Detective Pikachu
Emolga,Detective Pikachu
Flabébé,Detective Pikachu
Flareon,Detective Pikachu
Gengar,Detective Pikachu
Golurk,Detective Pikachu
Growlithe,Detective Pikachu
Gyarados,Detective Pikachu
Jigglypuff,Detective Pikachu
Joltik,Detective Pikachu
Krabby,Detective Pikachu
Lickitung,Detective Pikachu
Loudred,Detective Pikachu
Ludicolo,Detective Pikachu
Machamp,Detective Pikachu
Machoke,Detective Pikachu
Magikarp,Detective Pikachu
Morelull,Detective Pikachu
Octillery,Detective Pikachu
Pancham,Detective Pikachu
Pangoro,Detective Pikachu
Pidgeot,Detective Pikachu
Purrloin,Detective Pikachu
Rattata,Detective Pikachu
Rufflet,Detective Pikachu
Slaking,Detective Pikachu
Snorlax,Detective Pikachu
Spearow,Detective Pikachu
Squirtle,Detective Pikachu
Torterra,Detective Pikachu
Treecko,Detective Pikachu
Venusaur,Detective Pikachu
Weavile,Detective Pikachu
Wurmple,Detective Pikachu
Pikachu ,Pokémon: The First Movie - Mewtwo Strikes Back
Meowth ,Pokémon: The First Movie - Mewtwo Strikes Back
Togepi ,Pokémon: The First Movie - Mewtwo Strikes Back
Bulbasaur ,Pokémon: The First Movie - Mewtwo Strikes Back
Charizard ,Pokémon: The First Movie - Mewtwo Strikes Back
Squirtle ,Pokémon: The First Movie - Mewtwo Strikes Back
Staryu ,Pokémon: The First Movie - Mewtwo Strikes Back
Psyduck ,Pokémon: The First Movie - Mewtwo Strikes Back
Vulpix ,Pokémon: The First Movie - Mewtwo Strikes Back
Weezing ,Pokémon: The First Movie - Mewtwo Strikes Back
Nidoking ,Pokémon: The First Movie - Mewtwo Strikes Back
Arcanine ,Pokémon: The First Movie - Mewtwo Strikes Back
Persian ,Pokémon: The First Movie - Mewtwo Strikes Back
Donphan ,Pokémon: The First Movie - Mewtwo Strikes Back
Machamp ,Pokémon: The First Movie - Mewtwo Strikes Back
Golem ,Pokémon: The First Movie - Mewtwo Strikes Back
Venomoth ,Pokémon: The First Movie - Mewtwo Strikes Back
Pinsir ,Pokémon: The First Movie - Mewtwo Strikes Back
Gyarados ,Pokémon: The First Movie - Mewtwo Strikes Back
Seadra ,Pokémon: The First Movie - Mewtwo Strikes Back
Nidoqueen ,Pokémon: The First Movie - Mewtwo Strikes Back
Golduck ,Pokémon: The First Movie - Mewtwo Strikes Back
Tentacruel ,Pokémon: The First Movie - Mewtwo Strikes Back
Vaporeon ,Pokémon: The First Movie - Mewtwo Strikes Back
Pidgeot ,Pokémon: The First Movie - Mewtwo Strikes Back
Scyther ,Pokémon: The First Movie - Mewtwo Strikes Back
Hitmonlee ,Pokémon: The First Movie - Mewtwo Strikes Back
Venusaur ,Pokémon: The First Movie - Mewtwo Strikes Back
Sandslash ,Pokémon: The First Movie - Mewtwo Strikes Back
Rhyhorn ,Pokémon: The First Movie - Mewtwo Strikes Back
Dewgong ,Pokémon: The First Movie - Mewtwo Strikes Back
Wigglytuff ,Pokémon: The First Movie - Mewtwo Strikes Back
Blastoise ,Pokémon: The First Movie - Mewtwo Strikes Back
Vileplume ,Pokémon: The First Movie - Mewtwo Strikes Back
Ninetales ,Pokémon: The First Movie - Mewtwo Strikes Back
Rapidash ,Pokémon: The First Movie - Mewtwo Strikes Back
Bulbasaur ,Pokémon: The First Movie - Mewtwo Strikes Back
Charmander ,Pokémon: The First Movie - Mewtwo Strikes Back
Squirtle ,Pokémon: The First Movie - Mewtwo Strikes Back
Tauros ,Pokémon: The First Movie - Mewtwo Strikes Back
Mewtwo ,Pokémon: The First Movie - Mewtwo Strikes Back
Fearow ,Pokémon: The First Movie - Mewtwo Strikes Back
Dragonite ,Pokémon: The First Movie - Mewtwo Strikes Back
Mew ,Pokémon: The First Movie - Mewtwo Strikes Back
Onix ,Pokémon: The First Movie - Mewtwo Strikes Back
Alakazam ,Pokémon: The First Movie - Mewtwo Strikes Back
Magneton ,Pokémon: The First Movie - Mewtwo Strikes Back
Caterpie ,Pokémon: The First Movie - Mewtwo Strikes Back
Weedle ,Pokémon: The First Movie - Mewtwo Strikes Back
Raticate ,Pokémon: The First Movie - Mewtwo Strikes Back
Spearow ,Pokémon: The First Movie - Mewtwo Strikes Back
Ekans ,Pokémon: The First Movie - Mewtwo Strikes Back
Raichu ,Pokémon: The First Movie - Mewtwo Strikes Back
Sandshrew ,Pokémon: The First Movie - Mewtwo Strikes Back
Nidorino ,Pokémon: The First Movie - Mewtwo Strikes Back
Oddish ,Pokémon: The First Movie - Mewtwo Strikes Back
Vileplume ,Pokémon: The First Movie - Mewtwo Strikes Back
Venonat ,Pokémon: The First Movie - Mewtwo Strikes Back
Growlithe ,Pokémon: The First Movie - Mewtwo Strikes Back
Poliwhirl ,Pokémon: The First Movie - Mewtwo Strikes Back
Bellsprout ,Pokémon: The First Movie - Mewtwo Strikes Back
Slowpoke ,Pokémon: The First Movie - Mewtwo Strikes Back
Drowzee ,Pokémon: The First Movie - Mewtwo Strikes Back
Kingler ,Pokémon: The First Movie - Mewtwo Strikes Back
Electabuzz ,Pokémon: The First Movie - Mewtwo Strikes Back
Pikachu ,Pokémon: The First Movie - Mewtwo Strikes Back
Venusaur ,Pokémon: The First Movie - Mewtwo Strikes Back
Charizard ,Pokémon: The First Movie - Mewtwo Strikes Back
Blastoise ,Pokémon: The First Movie - Mewtwo Strikes Back
Bulbasaur ,Pokémon: The First Movie - Mewtwo Strikes Back
Squirtle ,Pokémon: The First Movie - Mewtwo Strikes Back
Psyduck ,Pokémon: The First Movie - Mewtwo Strikes Back
Vulpix ,Pokémon: The First Movie - Mewtwo Strikes Back
Meowth ,Pokémon: The First Movie - Mewtwo Strikes Back
Gyarados ,Pokémon: The First Movie - Mewtwo Strikes Back
Seadra ,Pokémon: The First Movie - Mewtwo Strikes Back
Nidoqueen ,Pokémon: The First Movie - Mewtwo Strikes Back
Golduck ,Pokémon: The First Movie - Mewtwo Strikes Back
Tentacruel ,Pokémon: The First Movie - Mewtwo Strikes Back
Vaporeon ,Pokémon: The First Movie - Mewtwo Strikes Back
Pidgeot ,Pokémon: The First Movie - Mewtwo Strikes Back
Scyther ,Pokémon: The First Movie - Mewtwo Strikes Back
Hitmonlee ,Pokémon: The First Movie - Mewtwo Strikes Back
Sandslash ,Pokémon: The First Movie - Mewtwo Strikes Back
Rhyhorn ,Pokémon: The First Movie - Mewtwo Strikes Back
Dewgong ,Pokémon: The First Movie - Mewtwo Strikes Back
Wigglytuff ,Pokémon: The First Movie - Mewtwo Strikes Back
Vileplume ,Pokémon: The First Movie - Mewtwo Strikes Back
Ninetales ,Pokémon: The First Movie - Mewtwo Strikes Back
Rapidash ,Pokémon: The First Movie - Mewtwo Strikes Back
